{
    "root_group": {
        "path": "",
        "id": "d41d8cd98f00b204e9800998ecf8427e",
        "groups": {},
        "checks": {
                "status is 200": {
                    "passes": 104112,
                    "fails": 0,
                    "name": "status is 200",
                    "path": "::status is 200",
                    "id": "6210a8cd14cd70477eba5c5e4cb3fb5f"
                }
            },
        "name": ""
    },
    "metrics": {
        "http_req_tls_handshaking": {
            "p(95)": 0,
            "avg": 0.006935055517135395
        },
        "iteration_duration": {
            "avg": 34.880725223798215,
            "p(95)": 64.2821
        },
        "http_req_blocked": {
            "avg": 0.007775924965421858,
            "p(95)": 0
        },
        "http_req_connecting": {
            "avg": 0.00028890137544183186,
            "p(95)": 0
        },
        "http_req_sending": {
            "avg": 0.06359480079145567,
            "p(95)": 0.5295
        },
        "vus": {
            "min": 1,
            "max": 50,
            "value": 1
        },
        "data_received": {
            "count": 48421657,
            "rate": 569644.6189426667
        },
        "http_reqs": {
            "count": 104112,
            "rate": 1224.799898263682
        },
        "vus_max": {
            "max": 50,
            "value": 50,
            "min": 50
        },
        "check_failure_rate": {
            "passes": 0,
            "fails": 104112,
            "thresholds": {
                "rate<0.01": false,
                "rate<=0.05": false
            },
            "value": 0
        },
        "data_sent": {
            "count": 4137932,
            "rate": 48679.678544471666
        },
        "checks": {
            "fails": 0,
            "passes": 104112,
            "value": 1
        },
        "http_req_duration": {
            "p(95)": 64.1254,
            "avg": 34.77726168357117,
            "thresholds": {
                "p(95)<500": false
            }
        },
        "http_req_waiting": {
            "avg": 33.58708831354737,
            "p(95)": 60.9994
        },
        "http_req_failed": {
            "passes": 0,
            "fails": 104112,
            "value": 0
        },
        "http_req_duration{expected_response:true}": {
            "avg": 34.77726168357117,
            "p(95)": 64.1254
        },
        "iterations": {
            "count": 104112,
            "rate": 1224.799898263682
        },
        "http_req_receiving": {
            "avg": 1.1265785692331416,
            "p(95)": 7.97407499999999
        }
    }
}